{
    "cameraHeight": 800.0,
    "cameraWidth": 1600.0,
    "cameraX": 0.0,
    "cameraY": 213.92271423339844,
    "scale": 1.357389211654663,
    "targetX": 0.0,
    "targetY": 0.0,
    "verticalOffset": 200.0
}